[{"id":"6439f37d3f1a6b440d77d8fc78","class":"sheet","title":"Carte 1","rootTopic":{"id":"17ba4cd2f338960ca142597335","class":"topic","title":"Processus de Développement Logiciel ","structureClass":"org.xmind.ui.timeline.through.vertical","children":{"attached":[{"id":"a0bab48adbb8a216ff5f9a0eb8","title":"Génie Logiciel","children":{"attached":[{"title":"Définitions","id":"4a444e4f-60e5-474c-8475-1a589e594c3d"},{"title":"Objectif","id":"de8a7c92-3bfa-4522-8a7d-8ad8ec208abd","style":{"id":"c739d4aa-c537-44f9-957a-954f287197e0","properties":{}},"children":{"attached":[{"title":"■Améliorer la qualité                                  \n■Réduire les délais                                  ■Optimiser les coûts.","id":"9a08fa90-54e2-4e14-8441-4cefd9c8a5dd","style":{"id":"b9c500fe-a581-427d-b4cf-1c76185a0109","properties":{"shape-class":"org.xmind.topicShape.underline"}},"customWidth":337.9453125}]}},{"title":"Principes appliqués en GL","id":"5f2abd25-64a2-42dc-92d0-12714d4e8819","children":{"attached":[{"title":"■Rigueur et formalisation ■Séparation des problèmes  ■Modularité          \n■Abstraction ","id":"2f722acc-686e-44a4-83d2-70cc29c25145","style":{"id":"5a9bc4fc-958e-432c-9f9b-e1556403df35","properties":{"shape-class":"org.xmind.topicShape.underline"}},"customWidth":229.6328125}]}},{"title":"Facteurs de qualité du logiciel","id":"1fbc63eb-50a8-4add-be99-150954b2a3a6","children":{"attached":[{"title":"■Correction (Validité)                 \n■Extensibilité                             ■Réutilisabilité \n■Réutilisabilité                                 ■Efficacité                                      ■Portabilité                                   ■Vérifiabilité \n■Intégrité (Sécurité)                     ■Convivialité","id":"33dfe7ee-1a62-4486-a82c-a722ffb0b926","style":{"id":"432e2c20-248e-450b-95bf-618478f23ba0","properties":{"shape-class":"org.xmind.topicShape.underline"}},"customWidth":0}]}},{"title":"La complexité des logiciels","id":"71b85b04-71bb-4e32-a6e6-70c426c4bd23"},{"title":"Cas célèbres d’échecs","id":"92d8bd8d-49bf-497e-88e2-c5859b8e130c","children":{"attached":[{"title":"■La non fiabilité du logiciel                     ■Difficulté de réalisation de logiciel dans les délais prévus et vérifiant le cahier des charges","id":"8f518dfb-a430-47c4-a209-395f7f770e6a","style":{"id":"bbe80f94-af42-460e-9a0e-4288c2a3dc63","properties":{"shape-class":"org.xmind.topicShape.underline"}},"customWidth":338.5}]}},{"title":"Causes d ’échec ","id":"055326b2-36a0-4f69-8889-5bcabbce93b1","customWidth":0,"children":{"attached":[{"title":"■Dépassement de budgets,\n■Dépassement de temps ou en inadéquation avec les besoins du marché,\n■Le logiciel ne satisfait pas les besoins définis du client,\n■Les performances ne correspondent pas aux attentes,\n■Mauvaise définition des besoins du système,\n■Processus de développement inapproprié,","id":"f885c7c5-6b82-4b80-8a7b-8dac3a1de6f8","style":{"id":"6c518223-9e8e-4423-9af1-c729e968e004","properties":{"shape-class":"org.xmind.topicShape.underline"}},"customWidth":492.3828125}]}}],"summary":[{"title":"C’est l’ensemble des méthodes, techniques et outils pour la production et la maintenance de composants logiciels de qualité.","id":"0d5b9719-f775-4e6d-93d1-f2bfceee1813","style":{"id":"f00e032d-d32f-48fa-b903-72d3e009439c","properties":{"border-line-width":"0pt","fill-pattern":"solid","svg:fill":"#15831CFF"}},"customWidth":531}]},"style":{"id":"539cd3ce-3bca-42a4-89d1-f1aab45bd47c","properties":{"line-class":"org.xmind.branchConnection.fold"}},"summaries":[{"id":"1e5191f4-8671-4c19-ba81-317cd46ae551","range":"(0,0)","topicId":"0d5b9719-f775-4e6d-93d1-f2bfceee1813","style":{"id":"1ee65bcb-9a29-49bf-910d-7f0f3165b31d","properties":{"shape-class":"org.xmind.summaryShape.straight"}}}],"markers":[]},{"id":"c6eb5e2cd038ba7eb1811b7e03","title":"Un projet","children":{"attached":[{"title":"Définitions","id":"57dc734a-d466-47db-9cda-04fd28457d8c"},{"title":"l'objectif d'un projet","id":"42bff428-b10c-40ff-9a93-d98eeab233da","children":{"attached":[{"title":"❑Offrir un nouveau produit ou service,\n❑Changer un processus,\n❑Résoudre un problème.","id":"5099296d-a97a-4d4c-b6a0-102dc340e62b","style":{"id":"18c03df1-a355-4601-acd1-942e7c890a69","properties":{"shape-class":"org.xmind.topicShape.underline"}}}]}},{"title":"But du gestion de projet","id":"e86fdd55-e2af-4906-8e36-06a1b2315069","children":{"attached":[{"title":"La gestion de projet répond à des questions comme :\n❑Quel problème le projet résout-il ?\n❑Comment résoudre le problème ?\n❑Quelle livraison ?\n❑Comment identifier les ressources, le coût ?\n❑Comment construire un plan de planification ?\n❑Comment faire face au budget ?\n❑Comment mesurer la performance ?\n❑Comment gérer les changements ?\n❑Comment construire et motiver votre équipe ?","id":"ac07eea3-f399-41b8-9783-828cea9dabec","style":{"id":"6477d5ab-cace-4dec-b673-1a262a5366ae","properties":{"shape-class":"org.xmind.topicShape.underline"}},"customWidth":458.5}]}}],"summary":[{"title":"est un processus unique, qui consiste en un ensemble d'activités coordonnées et maîtrisées comportant des dates de début et de fin, entrepris dans le but d'atteindre un objectif conforme à des exigences ","id":"5795cb7e-9a57-47a9-9ab3-d0f27e2e4654","style":{"id":"13a5afe3-b09f-420a-82ff-8c80c871c2b1","properties":{"fill-pattern":"solid","svg:fill":"#15831CFF"}},"customWidth":594.6953125}]},"style":{"id":"b6ced730-0478-40b2-a28f-4d32276bb39b","properties":{"line-class":"org.xmind.branchConnection.fold"}},"summaries":[{"id":"05db4630-4b72-47a9-8595-b49a0aaefb25","range":"(0,0)","topicId":"5795cb7e-9a57-47a9-9ab3-d0f27e2e4654","style":{"id":"f337807e-dcb9-4ff8-9fac-3308d61bcd93","properties":{"shape-class":"org.xmind.summaryShape.straight"}}}],"markers":[]},{"id":"d92948bf336a309892f5fb1dc3","title":"Gestion de projet","children":{"attached":[{"title":"Le cycle de vie du projet","id":"d800f85a-0625-44a5-9040-ca5656f46006","children":{"attached":[{"title":"Démarrage du projet","id":"6f2b06d2-75ed-48cf-a169-083f12eb2ba1"},{"title":"Sélection du projet","id":"3923e4cc-ebcd-4d6f-a49f-b3fb722d7778"},{"title":"Clôture du projet","id":"44914c62-df7d-470f-b038-d3da0af16e0a"}]},"structureClass":"org.xmind.ui.fishbone.rightHeaded","style":{"id":"083e48b7-160b-4305-b053-71eaf6c4da6c","properties":{"shape-class":"org.xmind.topicShape.underline"}}},{"title":" Critère pour la gestion du projet","id":"0a8c94d1-5ea3-45a6-a3c1-7c49db688aa1","structureClass":"org.xmind.ui.logic.left","children":{"attached":[{"title":"■Période d'amortissement                               ■ Valeur actuelle nette                                   ■ Indice de rentabilté","id":"af81e947-c173-48bd-aed3-c91f81017d2a","style":{"id":"471eb825-3541-43b1-b23c-8f7c472a01df","properties":{"shape-class":"org.xmind.topicShape.underline"}}}]}},{"title":"Cycles de vie logiciel","id":"f995e6bd-2951-4c86-b1b7-2c223da617b9","children":{"attached":[{"title":"■Planification (Étude de la faisabilité)\n■Spécification des besoins\n■Analyse (Spécification formelle)\n■Conception (Spécification technique)\n■Implémentation (Codage)\n■Tests unitaires\n■Intégration et tests\n■Livraison et Maintenance","id":"17202973-edb8-4537-b920-f75375774d10","style":{"id":"4f02dc60-861f-4350-87ef-0af8c294d778","properties":{"shape-class":"org.xmind.topicShape.underline"}}}]}}]},"style":{"id":"d0daab6c-feb8-44fc-ad06-25f45e886564","properties":{"line-class":"org.xmind.branchConnection.fold"}},"markers":[]},{"id":"1829c7e0008809c1b5301b3f64","title":"Spécification et gestion des besoins","customWidth":429.28125,"children":{"attached":[{"title":"Le besoin (l’exigence)","id":"93953fc0-8514-4bb5-9eb4-2ef41e5ee12e","children":{"attached":[{"title":"■Les besoins ont un service dual,\n■Besoins d’utilisateurs (pour les utilisateurs, définitions),\n■Besoin du système (pour les développeurs, spécifications),\n■Spécification système.","id":"c1ef8749-f2c8-4800-8e90-c38ba02926f9","style":{"id":"571cf83e-7d28-46aa-a429-346590152c37","properties":{"shape-class":"org.xmind.topicShape.underline"}},"customWidth":431.6328125}]}},{"title":"Types de besoins","id":"603de8e5-0e41-4d8e-93d2-20852f2a7b19","children":{"attached":[{"title":"❑Fonctionnels,\n❑Non-fonctionnels – contraintes,\n      ■Techniques,\n      ■De l’environnement,\n      ■ De l’utilisateur","id":"dfa2ce72-b97d-4269-bbcd-0d46da9b1517","style":{"id":"8454a511-e918-4684-aea2-e615a0b4d8e4","properties":{"shape-class":"org.xmind.topicShape.underline"}},"customWidth":239}]}},{"title":"Mesurer des besoins NF","id":"a645f49c-7e91-4fd0-a21d-9f62f1f0a2df","children":{"attached":[{"title":"■Buts – intention générale de l’utilisateur","id":"b31c5d80-d38c-428b-b0fb-980b59ef1f48","style":{"id":"521c2972-9841-4d6d-b9e1-d9407209492e","properties":{"shape-class":"org.xmind.topicShape.underline"}}}]}},{"title":"Besoins du domaine","id":"5a92f480-8e23-4f66-a9c9-9e3ee70cf02c","children":{"attached":[{"title":"■Ils sont dérivé du domaine du système,\n■Importance – très haute,","id":"35dd6f99-eedd-44c5-99a8-35d2d8b60868","style":{"id":"c7a4ed2e-48d9-4ad0-9081-f96dee14aeb4","properties":{"shape-class":"org.xmind.topicShape.underline"}}}]}},{"title":"Processus d'ingénierie des exigences","id":"d38d7aaa-11ce-48db-b204-178a8bb0fbde","children":{"attached":[{"title":"■L'élicitation des exigences est essentiellement un dialogue entre les développeurs, les utilisateurs et les autres parties prenantes du système,","id":"f8212506-b305-4041-91b1-8d40a3024350","style":{"id":"de6d0aa5-ef12-42b9-90e6-1b47a3cec18e","properties":{"shape-class":"org.xmind.topicShape.underline"}}}]}},{"title":"Besoins d’utilisateur","id":"c7e1a612-5fe8-4b69-9dd4-8b42b7eb31a3","children":{"attached":[{"title":"■Exprimés dans une langue naturelle, tableaux et diagrammes et\nils doivent être compris par tout le monde","id":"bfab0129-c59a-459e-a2e8-c5968eabd6af","style":{"id":"0fde2579-5298-4a4c-b53e-c8eb65addca5","properties":{"shape-class":"org.xmind.topicShape.underline"}}}]}},{"title":"Langue de description de besoins","id":"0c0e331a-07cd-4531-b11c-cba3fc48d3d4","children":{"attached":[{"title":"■Langues naturelles,\n■Langues structurées – formulaires, modèles, \n      tableaux,\n■Langages spécifiques – deprecated,\n■Notations graphiques – UML, SysML,\n■Spécifications mathématiques.\n","id":"76ad813b-5c3e-4a4d-9345-369dfb9b0aa4"}]}},{"title":" Méthodes de description de besoins","id":"d576c23b-8218-4099-9367-c6e2f91f0dc6","children":{"attached":[{"title":"❑Méthodes Fonctionnelles (SADT, DFD),\n❑Méthodes Systémiques (Merise),\n❑Méthodes Dynamiques (SART),\n❑Méthodes orientées objet (UML, OMT),\n❑Méthodes formelles (B, Z, VDM, Lotos).","id":"f50afda2-cf93-4638-a1e6-737e9c838164","style":{"id":"be88fda4-5ea9-4a92-be06-609d1acf494e","properties":{"shape-class":"org.xmind.topicShape.underline"}}}]}}]},"style":{"id":"fa01697a-bdf8-40e6-9908-2533a45bf5f5","properties":{"line-class":"org.xmind.branchConnection.fold"}},"markers":[]},{"title":"Le cahier de charges","id":"16c2e6ba-48ab-4690-b9cb-eec8bbe4107e","children":{"attached":[{"title":"Structure générale","id":"36f5abf4-1ccc-4e72-af35-e30cced82471","children":{"attached":[{"title":"■Préface\n■Introduction\n■Glossaire\n■Définition des besoins d’utilisateur\n■Architecture du système\n■Spécification des besoins système\n■Modèles du système\n■Evolution du système\n■Appendices\n■Index","id":"5056db4e-6a1c-4a61-8517-58bccaf78cef","style":{"id":"433ee41e-bbf6-48aa-8f9d-b848e67b5acf","properties":{"shape-class":"org.xmind.topicShape.underline"}}}]}},{"title":"CdC Technique","id":"50d0961e-5fcf-4285-a20a-47cb746e0bfe"},{"title":"Validation des besoins","id":"c38dd3d2-5d53-407d-9baf-651ff22ed3e8","children":{"attached":[{"title":"Techniques de validation","id":"76acef9c-2813-4001-a374-afbd8999c20a","children":{"attached":[{"title":"■Revues\n    ❑Recommandations\n              ■Réguliers\n              ■Avec les clients\n    ❑Propriétés validées\n             ■Vérifiabilité\n             ■Compréhensibilité\n             ■Traçabilité – d’où vient le besoin\n             ■Adaptabilité – peut-on changer le \n                 besoin sans changer beaucoup \n                 d’autres choses?\n■Prototype\n■Générer des cas de test","id":"b44849c7-6420-4ccb-9462-af979685c89b","style":{"id":"d6b6b5e3-c90f-474a-944c-06235e04623a","properties":{"shape-class":"org.xmind.topicShape.underline"}}}]}}]}}],"summary":[{"title":"■Ce document contient la partie « Technique » du cahier des charges avec un ensemble de contraintes de bases.","id":"15900e7b-6165-4183-a1d8-f9fd19ca0ccf","style":{"id":"b654773f-12be-414e-9299-fcba132be7e6","properties":{"fill-pattern":"solid","svg:fill":"#15831CFF"}}}]},"style":{"id":"699c4ad1-3715-47f4-a521-d4624ad3d2ef","properties":{"line-class":"org.xmind.branchConnection.fold"}},"summaries":[{"id":"b0ca1f4c-e973-4400-ae0a-49beb4291708","range":"(1,1)","topicId":"15900e7b-6165-4183-a1d8-f9fd19ca0ccf","style":{"id":"e51930e4-9ac1-4e13-b8b4-7a96835d2282","properties":{"shape-class":"org.xmind.summaryShape.straight"}}}],"markers":[]},{"title":"Ordonnancement des tâches","id":"130fa755-03bf-4f6d-8c4b-aa7a4c690740","children":{"attached":[{"title":"Définitions","id":"d52d92c9-138c-40d4-90dd-e6ad11ef5ef4"},{"title":"Outil d'ordonnancement des tâches","id":"c04420f8-aa0f-4af1-8365-7b6b2dada3a6","children":{"attached":[{"title":"■Product Breakdown Structure (PBS)\n  ❑Découpage de l’ensemble des livrables du \n     projet (physique, fonctionnel ou \n     conceptuel)\n■Work Breakdown Structure (WBS)\n    ❑Découpage du travail à réaliser pour \n        atteindre les objectifs du projet\n■Organisation Breakdown Structure (OBS)","id":"a6957942-41a5-4974-a8a9-7a42f28949db","style":{"id":"dffbd1cb-37cf-455e-9405-4f0a8edd9ccc","properties":{"shape-class":"org.xmind.topicShape.underline"}}}]}},{"title":"Diagramme du pert","id":"825b0581-e27b-4398-a8e6-ba2deeab9c89","children":{"attached":[{"title":"❑Plus facile pour la création du planning,\n❑Met en évidence les dépendances,\n❑Ne fait pas apparaître le timing de façon \n    très visuelle,","id":"bf378d5e-6b5a-4f86-a1c9-35971d6b6359","style":{"id":"d43637c7-395f-4e03-8efc-c558ae1784ba","properties":{"shape-class":"org.xmind.topicShape.underline"}}}]}},{"title":"Diaramme de gantt","id":"591627ff-ef56-43d1-bbca-bcb34672dc25","children":{"attached":[{"title":"❑Est le plus utilisé pour le suivi,\n❑Il est plus visuel.","id":"8da50cf9-2c96-41d1-94e7-bd2bc102ee53","style":{"id":"8508d03e-a5e3-42b2-8270-503a9a2a92c2","properties":{"shape-class":"org.xmind.topicShape.underline"}}}]}}],"summary":[{"title":"C’est l’activité qui consiste à déterminer et à ordonnancer les tâches du projet.","id":"8470db3e-7741-4289-b378-050aac14e9e5","style":{"id":"ec97c5df-a0a8-4b66-a91d-c047894f7103","properties":{"fill-pattern":"solid","svg:fill":"#15831CFF"}},"customWidth":537.3828125}]},"style":{"id":"68f6aa74-acc9-411f-ac29-4c83f500c944","properties":{"line-class":"org.xmind.branchConnection.fold"}},"summaries":[{"id":"6bfba386-b0ee-40a4-a188-7023c52cbe7e","range":"(0,0)","topicId":"8470db3e-7741-4289-b378-050aac14e9e5","style":{"id":"8cd37f1a-1f03-4e1c-856f-362619800e78","properties":{"shape-class":"org.xmind.summaryShape.straight"}}}],"markers":[]},{"title":"Estimation","id":"0f6dbef7-3c9b-4f12-aeb3-091c80a5748f","children":{"attached":[{"title":"Surestimation Vs. Sous-estimation","id":"819303cd-1a2e-405d-ab30-5ae8b88f70df","children":{"attached":[{"title":"■La surestimation d’un projet entraîne :\n   ❑coût beaucoup plus cher (en grevant le bilan du projet),\n   ❑Une durée plus longue que nécessaire,\n   ❑Affecte la disponibilité de vos ressources pour le prochain projet.\n■La sous-estimation d’un projet entraîne :\n    ❑un sous-effectif, provoquant la surchauffe de l’équipe,\n    ❑une sous-appréciation de la charge d’assurance qualité, avec le risque \n       de livrables de médiocre qualité,\n       l’établissement d’un planning trop serré, qui dégradera votre \n       crédibilité, lorsque ces délais présomptueux sont largement dépassés","id":"96ac85db-7384-48ac-a96c-e85b8a224b7f","style":{"id":"7a65d175-0a93-4d7c-8d78-b2670f574bef","properties":{"shape-class":"org.xmind.topicShape.underline"}},"customWidth":485.8828125}]}},{"title":"Les méthodes d ’estimation :","id":"da4a74cc-6ed4-44be-b4bb-3d69f71106ff","children":{"attached":[{"title":"■ Imposées par le marché                     \n■Top-down estimating                       \n■Bottom-up Estimating                \n■D’expertise et de consensus (ex : DELPHI)    ■Méthodes algorithmiques                               ■Méthode de Points de fonctions","id":"3980d525-1b4a-4607-9f6d-29565f92cbc6","style":{"id":"892819b8-ea52-44c2-a2ff-2fd39fb6fd47","properties":{"shape-class":"org.xmind.topicShape.underline","line-class":"org.xmind.branchConnection.elbow"}}}]},"style":{"id":"ace1f7e9-42f4-4cd2-8b6b-4bb7152fd151","properties":{"line-class":"org.xmind.branchConnection.elbow"}}}]},"style":{"id":"54c4eab8-fac9-4108-9638-aedfba969723","properties":{"line-class":"org.xmind.branchConnection.fold"}},"markers":[]},{"title":"Modèle du gestion du projet\t","id":"c67abae6-e743-449f-922e-493063f7366d","children":{"attached":[{"title":"Modèle en cascade - V","id":"820a4eb0-4a7e-456b-ad97-021c79b3a8bb","children":{"attached":[{"title":"■Découpage rigide du projet,\n■Cycles longs,\n■Manque de flexibilité","id":"f973ec36-f785-4713-ab05-b4895dc05e2d","style":{"id":"69b107f7-e0af-4bba-9d86-bf2ae11bdc3d","properties":{"shape-class":"org.xmind.topicShape.underline"}}}]}},{"title":"Modèle en cascade -(Waterfall model) aka :","id":"1ee64842-a877-4a33-b3e6-041d9b79fad5","children":{"attached":[{"title":"■Découpage rigide du projet,\n■Cycles longs,\n■Les tests sont prévus tardivement.","id":"125c2b1f-43ae-4551-8523-b8d95dc8d44a","style":{"id":"e115dc8d-1e1b-4368-8c83-ab08ae9a6054","properties":{"shape-class":"org.xmind.topicShape.underline"}}}]}},{"title":"Modèle incrémental de Parnas","id":"ebf646a2-f380-403e-80fb-eebb9e0e30b9","children":{"attached":[{"title":"■Relier les exigences aux incréments,\n■Nombre d’incréments.","id":"196340b4-e21d-4493-916f-047e5ceaa04f","style":{"id":"a151702b-c7cb-4384-b7d2-2b289bf8d53b","properties":{"shape-class":"org.xmind.topicShape.underline"}}}]}},{"title":"Modèle en spirale","id":"4fe6f6dc-3b87-4306-bb22-81aeeac46657","children":{"attached":[{"title":"■Modèle générique flexible                                                                                 \n■ Implication précoce du client et des utilisateurs possible                         ■Contrôle périodique dû aux risques                                                 ■Coordination parfaite entre exigences techniques et conception ","id":"e92af528-cea0-448a-94a7-3d16deb074d0","style":{"id":"8a068950-f08d-4e65-91bb-f1aae9dc5ca6","properties":{"shape-class":"org.xmind.topicShape.underline"}},"customWidth":505.1328125}]}}]},"style":{"id":"858db7e2-dd28-452e-a598-a0ce85dedd53","properties":{"line-class":"org.xmind.branchConnection.fold"}},"markers":[]},{"title":"La méthode agile","id":"67847fdc-63ed-44cc-aa9b-fa7112c5bbf2","children":{"attached":[{"title":"Avantages de l'adoption de l'agilité","id":"abff24eb-2b44-450f-829f-3987707a70b2"},{"title":"Type du méthode","id":"6f19a263-e77d-481c-a0bf-a00cf57ca3bf","children":{"attached":[{"title":"■Agile Mindset                                          ■Agile Manifesto ","id":"f2bb9ccf-cbce-443a-beaf-a6908473b3a6","style":{"id":"26a05f0b-4722-473e-898d-d7820bb7a85f","properties":{"shape-class":"org.xmind.topicShape.underline"}},"customWidth":0}]}},{"title":"Scrum","id":"2ef5d35a-b2ee-45bb-ad98-584e132f6a99","children":{"attached":[{"title":"Théorie de Scrum ","id":"927f167c-a9d4-4cac-9d1e-d209b65b529d","style":{"id":"86a1e0a5-8fea-4531-aabc-214ef4a2cb85","properties":{"shape-class":"org.xmind.topicShape.ellipserect"}},"children":{"attached":[{"title":"■Scrum se base sur la théorie du contrôle empirique de processus (empirisme),■Les projets Scrum progressent par sprints de 2 à 4 semaines ,","id":"c4d561a9-935a-424a-a05c-aada34f3aae2","style":{"id":"7ed172a5-0481-4baa-8643-4b2e70e8d266","properties":{"shape-class":"org.xmind.topicShape.underline"}},"customWidth":525.5}]}},{"title":"Rôles Scrum","id":"d8aaff2c-0af6-4bdf-88ab-aed09ef04726","style":{"id":"2ea139f0-f9d5-4b4f-a37b-b59e6193a9a8","properties":{"shape-class":"org.xmind.topicShape.ellipserect"}},"children":{"attached":[{"title":"■Le product Owner\n■Le développeur\n■Le Scrum Master","id":"f0fea303-7e4f-4712-86a2-730426ea0434","style":{"id":"b6ab8368-e479-4a71-896d-6a0780bee63c","properties":{"shape-class":"org.xmind.topicShape.underline"}}}]}}]}},{"title":"Burn down chart","id":"99ff013b-882b-4fa5-86c8-92fa42afc1d6"},{"title":"Product Backlog","id":"792e6928-32a8-4778-8583-1bf2a4fc7411","children":{"attached":[{"title":"■Le product backlog contient toutes les fonctionnalités sous la forme de user stories,\n■Chaque user story contient une description et des cas de test,\n■Les user stories sont priorisées par ordre d’importance métier,\n■C’est la responsabilité du Product Owner de maintenir le product backlog à jour.","id":"74364378-9eaf-4599-8b65-f0c128fcb340","style":{"id":"e7520d80-56cf-4864-818e-a6db46f77293","properties":{"shape-class":"org.xmind.topicShape.underline"}},"customWidth":635.5}]}},{"title":"cérémonies Scrum","id":"7d65c71c-1342-4ad8-8a38-c39ca0f91479"},{"title":"User story","id":"537f98f6-2f6d-4609-9cf0-756bd62735a3","children":{"attached":[{"title":"■La structure d’un récit utilisateur est la suivante :\n     ❑En tant que [utilisateur-type], je désire [une fonctionnalité] afin de [finalité].","id":"b96c253a-b8dc-444d-ac0a-5680c8b38498","style":{"id":"1165a7cf-1314-4e8a-a3c5-fe40d11135b0","properties":{"shape-class":"org.xmind.topicShape.underline"}},"customWidth":640.5}]}},{"title":"Release Planning","id":"e42dbf9b-14e4-4b90-8efe-e77a86b65b6f"}],"summary":[{"title":"Plus flexible que la méthode traditionnelle, la méthode Agile place le client au cœur du projet","id":"8839c615-312f-4768-b4dc-8ef03a6e2ce5","style":{"id":"917f6566-4bd1-459c-a2b8-1593254e211d","properties":{"fill-pattern":"solid","svg:fill":"#15831CFF"}},"customWidth":486.3828125},{"title":"Les cérémonies Scrum sont des réunions qui constituent des rituels clés, rythmant les sprints d’un projet agile.","id":"c93fd1c2-1ce0-48a7-9d22-9c14b6a4ba59","style":{"id":"5440f512-393b-427f-8a17-98bcafd46478","properties":{"fill-pattern":"solid","svg:fill":"#15831CFF"}},"customWidth":591.75},{"title":"permettre de représenter sous forme graphique l’évolution de la quantité de travail restante pour une période donnée.","id":"f718652b-198a-482a-ac23-f9793d6985e1","style":{"id":"f81a619b-c863-41fc-bcda-6544e40ba2e7","properties":{"svg:fill":"#15831CFF","fill-pattern":"solid"}},"customWidth":604.75},{"title":" Est une approche de la gestion de produit qui tient compte de la nature intangible et flexible du développement logiciel. Dans le cadre de cette démarche, les équipes planifient des sprints itératifs au fil de releases incrémentales","id":"b22d473a-8298-44e6-979e-9bff3947eae9","style":{"id":"a48766e0-42e0-4320-8039-164cb5fc78fd","properties":{"fill-pattern":"solid-hand-drawn","svg:fill":"#15831CFF"}},"customWidth":622.75}]},"style":{"id":"483ba3ed-2b0f-40d7-b2f8-626222656213","properties":{"line-class":"org.xmind.branchConnection.fold"}},"summaries":[{"id":"222cd141-a4a8-442b-b12f-bdee78a89b20","range":"(0,0)","topicId":"8839c615-312f-4768-b4dc-8ef03a6e2ce5","style":{"id":"801e8149-2aea-43d1-98aa-f397d6d11b35","properties":{"shape-class":"org.xmind.summaryShape.straight"}}},{"id":"bf5f2f8b-1ef9-40dc-91f0-95ce39a9032c","range":"(5,5)","topicId":"c93fd1c2-1ce0-48a7-9d22-9c14b6a4ba59","style":{"id":"d2275624-6724-4f66-871e-9b593d3db406","properties":{"shape-class":"org.xmind.summaryShape.straight"}}},{"id":"9a2b74c6-c371-4837-8ebb-824bb2c51f8d","range":"(3,3)","topicId":"f718652b-198a-482a-ac23-f9793d6985e1","style":{"id":"9ccfd806-d685-4b30-b524-0ed0cdc76c96","properties":{"shape-class":"org.xmind.summaryShape.straight"}}},{"id":"57823804-d946-4050-8994-0a5bc72b3013","range":"(7,7)","topicId":"b22d473a-8298-44e6-979e-9bff3947eae9","style":{"id":"93975b5d-d464-4dc6-8ad5-0d5011ee1195","properties":{"shape-class":"org.xmind.summaryShape.straight"}}}],"markers":[]}],"detached":[{"title":"Mind Map","id":"22bda1fb-eff2-45b4-b89d-9771c5139231","position":{"x":-4.982812499999909,"y":-259.74999999999994},"style":{"id":"9852f920-83c4-4e0c-8bff-0917bff98159","properties":{"fill-pattern":"crossing-thin","svg:fill":"#0CE6CFFF","border-line-color":"#FFFFFFFF","fo:color":"#000000FF"}},"children":{"attached":[{"title":"Encadré par","id":"f2380ac8-d440-424a-8047-0ae518b0db1f","structureClass":"org.xmind.ui.org-chart.down","children":{"attached":[{"title":"Mahmoud EL HAMLAOU","id":"1a15fd95-53bf-439c-832f-520b35b331dc"}]}},{"title":"Réalisé par","id":"1bc31dd1-4d99-45a7-a4cc-0d5ae5258f55","position":{"x":-127.48281249999991,"y":-267.74999999999994},"children":{"attached":[{"title":"Abd Elfattah FAHYM","id":"abe969ce-e286-4b34-94cd-b8580b7969c4"}]},"structureClass":"org.xmind.ui.org-chart.down"}]},"structureClass":"org.xmind.ui.map.unbalanced","extensions":[{"content":[{"content":"1","name":"right-number"}],"provider":"org.xmind.ui.map.unbalanced"}]}]},"style":{"id":"9aadcc5f-b4f4-4749-8ff3-7bd2c7908255","properties":{"svg:fill":"#000229","fill-pattern":"hachure-thin","fo:font-weight":700,"fo:font-family":"Times New Roman"}},"markers":[]},"extensions":[{"provider":"org.xmind.ui.skeleton.structure.style","content":{"centralTopic":"org.xmind.ui.timeline.through.vertical","mainTopic":"org.xmind.ui.tree.right"}}],"theme":{"id":"05b7440b-aa63-4df0-8f3c-af98827bffb7","centralTopic":{"id":"c5069014-b642-4cf5-bb50-1d29bd0df2a1","properties":{"line-color":"#000229","shape-class":"org.xmind.topicShape.doubleunderline","line-class":"org.xmind.branchConnection.straight","line-width":"3pt","line-pattern":"handdrawn-solid","fill-pattern":"solid","border-line-width":"3pt","arrow-end-class":"org.xmind.arrowShape.none","alignment-by-level":"inactived","fo:font-family":"NeverMind Hand,全瀨體","fo:font-style":"normal","fo:font-weight":600,"fo:font-size":"28pt","fo:text-transform":"manual","fo:text-decoration":"none","fo:text-align":"center","svg:fill":"none"}},"mainTopic":{"id":"70cef26a-bf8a-4a75-a3ba-c39b54a6401d","properties":{"shape-class":"org.xmind.topicShape.rect","line-class":"org.xmind.branchConnection.roundedElbow","fill-pattern":"crossing-thin","fo:font-family":"NeverMind Hand,全瀨體","fo:font-style":"normal","fo:font-weight":500,"fo:font-size":"20pt","fo:text-transform":"manual","fo:text-decoration":"none","fo:text-align":"left","line-width":"1pt","border-line-width":"2"}},"subTopic":{"id":"d5c7d9c0-e954-4c99-9e01-91cccd629c22","properties":{"shape-class":"org.xmind.topicShape.rect","line-class":"org.xmind.branchConnection.roundedElbow","fill-pattern":"solid","fo:font-family":"NeverMind Hand,全瀨體","fo:font-style":"normal","fo:font-weight":500,"fo:font-size":"13pt","fo:text-transform":"manual","fo:text-decoration":"none","fo:text-align":"left","svg:fill":"none"}},"summaryTopic":{"id":"dc5d147f-2c2a-423f-8d4f-26c6e4cdc4ec","properties":{"border-line-color":"#000229","shape-class":"org.xmind.topicShape.rect","line-class":"org.xmind.branchConnection.roundedElbow","fill-pattern":"crossing-thin","fo:font-family":"NeverMind Hand,全瀨體","fo:font-style":"normal","fo:font-weight":500,"fo:font-size":"13pt","fo:text-transform":"manual","fo:text-decoration":"none","fo:text-align":"left","border-line-width":"0pt","svg:fill":"#000229","line-width":"1pt","line-pattern":"handdrawn-solid"}},"calloutTopic":{"id":"b2ccd2cb-e4d0-4c1d-8615-fea7a1b98854","properties":{"svg:fill":"#000229","border-line-color":"#000229","callout-shape-class":"org.xmind.calloutTopicShape.balloon.roundedRect","fill-pattern":"solid-hand-drawn","fo:font-family":"NeverMind Hand,全瀨體","fo:font-style":"normal","fo:font-weight":500,"fo:font-size":"13pt","fo:text-transform":"manual","fo:text-decoration":"none","fo:text-align":"left"}},"floatingTopic":{"id":"1db99452-2bb0-4de8-87f5-cdeb8a591d7b","properties":{"border-line-color":"#EEEBEE","shape-class":"org.xmind.topicShape.rect","line-class":"org.xmind.branchConnection.roundedElbow","line-pattern":"handdrawn-solid","fill-pattern":"crossing-thin","border-line-width":"2pt","arrow-end-class":"org.xmind.arrowShape.none","fo:font-family":"NeverMind Hand,全瀨體,'NeverMind','Microsoft YaHei','PingFang SC','Microsoft JhengHei',sans-serif","fo:font-style":"normal","fo:font-weight":500,"fo:font-size":"13pt","fo:text-transform":"manual","fo:text-decoration":"none","fo:text-align":"left","line-width":"1pt","svg:fill":"#EEEBEE"}},"boundary":{"id":"beaff7ce-691f-481d-847c-c5f43d125660","properties":{"svg:fill":"#000229","line-color":"#000229","shape-class":"org.xmind.boundaryShape.roundedRect","shape-corner":"20pt","line-width":"2","line-pattern":"handdrawn-dash","fill-pattern":"solid-hand-drawn","fo:font-family":"NeverMind Hand,全瀨體,'NeverMind','Microsoft YaHei','PingFang SC','Microsoft JhengHei','sans-serif',sans-serif","fo:font-style":"normal","fo:font-weight":500,"fo:font-size":"13pt","fo:text-transform":"manual","fo:text-decoration":"none","fo:text-align":"center"}},"summary":{"id":"7e7d8704-9339-4a37-a8dc-f3a3aa2f4cf2","properties":{"line-color":"#000229","shape-class":"org.xmind.summaryShape.round","line-width":"2","line-pattern":"handdrawn-solid","line-corner":"8pt"}},"relationship":{"id":"81c8d0be-6082-4a1c-b88c-23b1445e0647","properties":{"line-color":"#000229","shape-class":"org.xmind.relationshipShape.curved","line-width":"2","line-pattern":"handdrawn-dash","arrow-begin-class":"org.xmind.arrowShape.none","arrow-end-class":"org.xmind.arrowShape.triangle","fo:font-family":"NeverMind Hand,全瀨體,'NeverMind','Microsoft YaHei','PingFang SC','Microsoft JhengHei','sans-serif',sans-serif","fo:font-style":"normal","fo:font-weight":500,"fo:font-size":"13pt","fo:text-transform":"manual","fo:text-decoration":"none","fo:text-align":"center"}},"map":{"id":"ea5bbe08-7b7a-4b13-a4ee-49b20dcc4de2","properties":{"svg:fill":"#FFFFFF","multi-line-colors":"#F9423A #F6A04D #F3D321 #00BC7B #486AFF #4D49BE","color-list":"#000229 #1F2766 #52CC83 #4D86DB #99142F #245570","line-tapered":"none"}},"importantTopic":{"id":"6c4e5a0a-db82-4dc6-9816-213ad1a38238","properties":{"svg:fill":"#460400","fill-pattern":"solid"}},"minorTopic":{"id":"febf0c47-d75e-4149-a07f-a44cf847e7ab","properties":{"svg:fill":"#703D00","fill-pattern":"solid"}},"colorThemeId":"Rainbow-#000229-MULTI_LINE_COLORS","expiredTopic":{"id":"d301dce3-7731-46f0-acb3-0fe7a6d1f1c7","properties":{"fo:text-decoration":"line-through","svg:fill":"none"}},"global":{"id":"6c61b444-47ea-444b-b1ad-e3240e31a8aa","properties":{}},"skeletonThemeId":"0faa01d612f995b9198b39a769"},"topicPositioning":"fixed","coreVersion":"2.54.0","relationships":[]}]